Workbook

Sheet Sheet1
A1: Model | B1: Scenario | C1: Region | D1: energy_use | E1: 2020 | F1: 2025 | G1: 2030 | H1: 2035 | I1: 2040 | J1: 2045 | K1: 2050 | L1: 2055 | M1: 2060 | N1: 2070 | O1: 2080 | P1: 2090 | Q1: 2100
A2: =[1]NGFS_hybridization_augmented!A78 -> REMIND-MAgPIE 3.2-4.6 | B2: =[1]NGFS_hybridization_augmented!B78 -> Below 2°C | C2: =[1]NGFS_hybridization_augmented!C78 -> REMIND-MAgPIE 3.2-4.6|Canada, NZ, Australia | D2: PE | E2: =(Sheet2!F2*SUM(Sheet2!F5:F8)+Sheet2!F3*SUM(Sheet2!F9:F11)+Sheet2!F4*Sheet2!F12) -> 83.416633 | F2: =(Sheet2!G2*SUM(Sheet2!G5:G8)+Sheet2!G3*SUM(Sheet2!G9:G11)+Sheet2!G4*Sheet2!G12) -> 84.655327 | G2: =(Sheet2!H2*SUM(Sheet2!H5:H8)+Sheet2!H3*SUM(Sheet2!H9:H11)+Sheet2!H4*Sheet2!H12) -> 76.476023 | H2: =(Sheet2!I2*SUM(Sheet2!I5:I8)+Sheet2!I3*SUM(Sheet2!I9:I11)+Sheet2!I4*Sheet2!I12) -> 56.678869 | I2: =(Sheet2!J2*SUM(Sheet2!J5:J8)+Sheet2!J3*SUM(Sheet2!J9:J11)+Sheet2!J4*Sheet2!J12) -> 40.2363 | J2: =(Sheet2!K2*SUM(Sheet2!K5:K8)+Sheet2!K3*SUM(Sheet2!K9:K11)+Sheet2!K4*Sheet2!K12) -> 32.855609 | K2: =(Sheet2!L2*SUM(Sheet2!L5:L8)+Sheet2!L3*SUM(Sheet2!L9:L11)+Sheet2!L4*Sheet2!L12) -> 27.588966 | L2: =(Sheet2!M2*SUM(Sheet2!M5:M8)+Sheet2!M3*SUM(Sheet2!M9:M11)+Sheet2!M4*Sheet2!M12) -> 23.458352 | ... Q2: =(Sheet2!R2*SUM(Sheet2!R5:R8)+Sheet2!R3*SUM(Sheet2!R9:R11)+Sheet2!R4*Sheet2!R12) -> 0.20162059

Sheet Sheet2
A1: =[1]NGFS_hybridization_augmented!A1 -> Model | B1: =[1]NGFS_hybridization_augmented!B1 -> Scenario | C1: =[1]NGFS_hybridization_augmented!C1 -> Region | D1: =[1]NGFS_hybridization_augmented!D1 -> Variable | E1: =[1]NGFS_hybridization_augmented!E1 -> Unit | F1: =[1]NGFS_hybridization_augmented!F1 -> 2020 | G1: =[1]NGFS_hybridization_augmented!G1 -> 2025 | H1: =[1]NGFS_hybridization_augmented!H1 -> 2030 | ... R1: =[1]NGFS_hybridization_augmented!R1 -> 2100
A2: =[1]NGFS_hybridization_augmented!A80 -> REMIND-MAgPIE 3.2-4.6 | B2: =[1]NGFS_hybridization_augmented!B80 -> Below 2°C | C2: =[1]NGFS_hybridization_augmented!C80 -> REMIND-MAgPIE 3.2-4.6|Canada, NZ, Australia | D2: =[1]NGFS_hybridization_augmented!D80 -> Price|Primary Energy|Coal | E2: =[1]NGFS_hybridization_augmented!E80 -> US$2010/GJ | F2: =[1]NGFS_hybridization_augmented!F80 -> 2.0344275 | G2: =[1]NGFS_hybridization_augmented!G80 -> 2.1609756 | H2: =[1]NGFS_hybridization_augmented!H80 -> 1.7826525 | ... R2: =[1]NGFS_hybridization_augmented!R80 -> 1.7443089
A3: =[1]NGFS_hybridization_augmented!A82 -> REMIND-MAgPIE 3.2-4.6 | B3: =[1]NGFS_hybridization_augmented!B82 -> Below 2°C | C3: =[1]NGFS_hybridization_augmented!C82 -> REMIND-MAgPIE 3.2-4.6|Canada, NZ, Australia | D3: =[1]NGFS_hybridization_augmented!D82 -> Price|Primary Energy|Gas | E3: =[1]NGFS_hybridization_augmented!E82 -> US$2010/GJ | F3: =[1]NGFS_hybridization_augmented!F82 -> 3.9710925 | G3: =[1]NGFS_hybridization_augmented!G82 -> 4.5986722 | H3: =[1]NGFS_hybridization_augmented!H82 -> 4.4679005 | ... R3: =[1]NGFS_hybridization_augmented!R82 -> 5.0567721
A4: =[1]NGFS_hybridization_augmented!A84 -> REMIND-MAgPIE 3.2-4.6 | B4: =[1]NGFS_hybridization_augmented!B84 -> Below 2°C | C4: =[1]NGFS_hybridization_augmented!C84 -> REMIND-MAgPIE 3.2-4.6|Canada, NZ, Australia | D4: =[1]NGFS_hybridization_augmented!D84 -> Price|Primary Energy|Oil | E4: =[1]NGFS_hybridization_augmented!E84 -> US$2010/GJ | F4: =[1]NGFS_hybridization_augmented!F84 -> 11.191772 | G4: =[1]NGFS_hybridization_augmented!G84 -> 12.394353 | H4: =[1]NGFS_hybridization_augmented!H84 -> 13.19364 | ... R4: =[1]NGFS_hybridization_augmented!R84 -> 18.434312
A5: =[1]NGFS_hybridization_augmented!A127 -> REMIND-MAgPIE 3.2-4.6 | B5: =[1]NGFS_hybridization_augmented!B127 -> Below 2°C | C5: =[1]NGFS_hybridization_augmented!C127 -> REMIND-MAgPIE 3.2-4.6|Canada, NZ, Australia | D5: =[1]NGFS_hybridization_augmented!D127 -> Primary Energy|Coal|Electricity | E5: =[1]NGFS_hybridization_augmented!E127 -> EJ/yr | F5: =[1]NGFS_hybridization_augmented!F127 -> 1.560161 | G5: =[1]NGFS_hybridization_augmented!G127 -> 0.6341355 | H5: =[1]NGFS_hybridization_augmented!H127 -> 0.042104 | ... R5: =[1]NGFS_hybridization_augmented!R127 -> 8.5e-06
A6: =[1]NGFS_hybridization_augmented!A130 -> REMIND-MAgPIE 3.2-4.6 | B6: =[1]NGFS_hybridization_augmented!B130 -> Below 2°C | C6: =[1]NGFS_hybridization_augmented!C130 -> REMIND-MAgPIE 3.2-4.6|Canada, NZ, Australia | D6: =[1]NGFS_hybridization_augmented!D130 -> Primary Energy|Coal|Gases | E6: =[1]NGFS_hybridization_augmented!E130 -> EJ/yr | F6: =[1]NGFS_hybridization_augmented!F130 -> 0.0001896 | G6: =[1]NGFS_hybridization_augmented!G130 -> 0.0001395 | H6: =[1]NGFS_hybridization_augmented!H130 -> 9.39e-05 | ... R6: =[1]NGFS_hybridization_augmented!R130 -> 0
A7: =[1]NGFS_hybridization_augmented!A132 -> REMIND-MAgPIE 3.2-4.6 | B7: =[1]NGFS_hybridization_augmented!B132 -> Below 2°C | C7: =[1]NGFS_hybridization_augmented!C132 -> REMIND-MAgPIE 3.2-4.6|Canada, NZ, Australia | D7: =[1]NGFS_hybridization_augmented!D132 -> Primary Energy|Coal|Liquids | E7: =[1]NGFS_hybridization_augmented!E132 -> EJ/yr | F7: =[1]NGFS_hybridization_augmented!F132 -> 0 | G7: =[1]NGFS_hybridization_augmented!G132 -> 1.35e-05 | H7: =[1]NGFS_hybridization_augmented!H132 -> 1.35e-05 | ... R7: =[1]NGFS_hybridization_augmented!R132 -> 4.9e-06
A8: =[1]NGFS_hybridization_augmented!A168 -> REMIND-MAgPIE 3.2-4.6 | B8: =[1]NGFS_hybridization_augmented!B168 -> Below 2°C | C8: =[1]NGFS_hybridization_augmented!C168 -> REMIND-MAgPIE 3.2-4.6|Canada, NZ, Australia | D8: =[1]NGFS_hybridization_augmented!D168 -> Primary Energy|Coal|Heat | E8: =[1]NGFS_hybridization_augmented!E168 -> EJ/yr | F8: =[1]NGFS_hybridization_augmented!F168 -> 2.5e-06 | G8: =[1]NGFS_hybridization_augmented!G168 -> 4.2e-06 | H8: =[1]NGFS_hybridization_augmented!H168 -> 4.2e-06 | ... R8: =[1]NGFS_hybridization_augmented!R168 -> 2.3e-06
A9: =[1]NGFS_hybridization_augmented!A134 -> REMIND-MAgPIE 3.2-4.6 | B9: =[1]NGFS_hybridization_augmented!B134 -> Below 2°C | C9: =[1]NGFS_hybridization_augmented!C134 -> REMIND-MAgPIE 3.2-4.6|Canada, NZ, Australia | D9: =[1]NGFS_hybridization_augmented!D134 -> Primary Energy|Gas|Electricity | E9: =[1]NGFS_hybridization_augmented!E134 -> EJ/yr | F9: =[1]NGFS_hybridization_augmented!F134 -> 0.7484775 | G9: =[1]NGFS_hybridization_augmented!G134 -> 0.6444422 | H9: =[1]NGFS_hybridization_augmented!H134 -> 0.314794 | ... R9: =[1]NGFS_hybridization_augmented!R134 -> 2.4e-06
A10: =[1]NGFS_hybridization_augmented!A139 -> REMIND-MAgPIE 3.2-4.6 | B10: =[1]NGFS_hybridization_augmented!B139 -> Below 2°C | C10: =[1]NGFS_hybridization_augmented!C139 -> REMIND-MAgPIE 3.2-4.6|Canada, NZ, Australia | D10: =[1]NGFS_hybridization_augmented!D139 -> Primary Energy|Gas|Liquids | E10: =[1]NGFS_hybridization_augmented!E139 -> EJ/yr | F10: =[1]NGFS_hybridization_augmented!F139 -> 0 | G10: =[1]NGFS_hybridization_augmented!G139 -> 0 | H10: =[1]NGFS_hybridization_augmented!H139 -> 0 | ... R10: =[1]NGFS_hybridization_augmented!R139 -> 0
A11: =[1]NGFS_hybridization_augmented!A169 -> REMIND-MAgPIE 3.2-4.6 | B11: =[1]NGFS_hybridization_augmented!B169 -> Below 2°C | C11: =[1]NGFS_hybridization_augmented!C169 -> REMIND-MAgPIE 3.2-4.6|Canada, NZ, Australia | D11: =[1]NGFS_hybridization_augmented!D169 -> Primary Energy|Gas|Heat | E11: =[1]NGFS_hybridization_augmented!E169 -> EJ/yr | F11: =[1]NGFS_hybridization_augmented!F169 -> 0.0126123 | G11: =[1]NGFS_hybridization_augmented!G169 -> 0.0030483 | H11: =[1]NGFS_hybridization_augmented!H169 -> 0.0001031 | ... R11: =[1]NGFS_hybridization_augmented!R169 -> 1.1e-06
A12: =[1]NGFS_hybridization_augmented!A102 -> REMIND-MAgPIE 3.2-4.6 | B12: =[1]NGFS_hybridization_augmented!B102 -> Below 2°C | C12: =[1]NGFS_hybridization_augmented!C102 -> REMIND-MAgPIE 3.2-4.6|Canada, NZ, Australia | D12: =[1]NGFS_hybridization_augmented!D102 -> Primary Energy|Oil | E12: =[1]NGFS_hybridization_augmented!E102 -> EJ/yr | F12: =[1]NGFS_hybridization_augmented!F102 -> 6.899698 | G12: =[1]NGFS_hybridization_augmented!G102 -> 6.4793246 | H12: =[1]NGFS_hybridization_augmented!H102 -> 5.6840899 | ... R12: =[1]NGFS_hybridization_augmented!R102 -> 0.0109348
