Workbook

Sheet computation
A1: ='import data'!A1 -> Model | B1: ='import data'!B1 -> Scenario | C1: ='import data'!C1 -> Region | D1: ='import data'!D1 -> Variable | E1: ='import data'!E1 -> Energy consumers | F1: 2020
A2: ='import data'!A2 -> REMIND-MAgPIE 3.2-4.6 | B2: ='import data'!B2 -> Below 2°C | C2: ='import data'!C2 -> REMIND-MAgPIE 3.2-4.6|Canada, NZ, Australia | D2: Price | E2: ='import data'!E2 -> AGRICULTURE | F2: =SUM('import data'!H16:H22)/SUM('import data'!H2:H8) -> 11697.976
A4: TEST PASSED | B4: =IF(F2-[1]aggregated_output!G674=0, TRUE()) -> TRUE

Sheet import data
A1: =[2]calibration_output!A1 -> Model | B1: =[2]calibration_output!B1 -> Scenario | C1: =[2]calibration_output!C1 -> Region | D1: =[2]calibration_output!D1 -> Variable | E1: =[2]calibration_output!E1 -> Energy consumers | F1: =[2]calibration_output!F1 -> Energy uses | G1: =[2]calibration_output!G1 -> Unit | H1: =[2]calibration_output!H1 -> 2020
A2: =[2]calibration_output!A2 -> REMIND-MAgPIE 3.2-4.6 | B2: =[2]calibration_output!B2 -> Below 2°C | C2: =[2]calibration_output!C2 -> REMIND-MAgPIE 3.2-4.6|Canada, NZ, Australia | D2: =[2]calibration_output!D2 -> Volume | E2: =[2]calibration_output!E2 -> AGRICULTURE | F2: =[2]calibration_output!F2 -> CH | G2: =[2]calibration_output!G2 -> EJ/y | H2: =[2]calibration_output!H2 -> 0
A3: =[2]calibration_output!A3 -> REMIND-MAgPIE 3.2-4.6 | B3: =[2]calibration_output!B3 -> Below 2°C | C3: =[2]calibration_output!C3 -> REMIND-MAgPIE 3.2-4.6|Canada, NZ, Australia | D3: =[2]calibration_output!D3 -> Volume | E3: =[2]calibration_output!E3 -> AGRICULTURE | F3: =[2]calibration_output!F3 -> FRE | G3: =[2]calibration_output!G3 -> EJ/y | H3: =[2]calibration_output!H3 -> 0.0062243462
A4: =[2]calibration_output!A4 -> REMIND-MAgPIE 3.2-4.6 | B4: =[2]calibration_output!B4 -> Below 2°C | C4: =[2]calibration_output!C4 -> REMIND-MAgPIE 3.2-4.6|Canada, NZ, Australia | D4: =[2]calibration_output!D4 -> Volume | E4: =[2]calibration_output!E4 -> AGRICULTURE | F4: =[2]calibration_output!F4 -> IND | G4: =[2]calibration_output!G4 -> EJ/y | H4: =[2]calibration_output!H4 -> 0.391822
A5: =[2]calibration_output!A5 -> REMIND-MAgPIE 3.2-4.6 | B5: =[2]calibration_output!B5 -> Below 2°C | C5: =[2]calibration_output!C5 -> REMIND-MAgPIE 3.2-4.6|Canada, NZ, Australia | D5: =[2]calibration_output!D5 -> Volume | E5: =[2]calibration_output!E5 -> AGRICULTURE | F5: =[2]calibration_output!F5 -> PAS | G5: =[2]calibration_output!G5 -> EJ/y | H5: =[2]calibration_output!H5 -> 0
A6: =[2]calibration_output!A6 -> REMIND-MAgPIE 3.2-4.6 | B6: =[2]calibration_output!B6 -> Below 2°C | C6: =[2]calibration_output!C6 -> REMIND-MAgPIE 3.2-4.6|Canada, NZ, Australia | D6: =[2]calibration_output!D6 -> Volume | E6: =[2]calibration_output!E6 -> AGRICULTURE | F6: =[2]calibration_output!F6 -> PE | G6: =[2]calibration_output!G6 -> EJ/y | H6: =[2]calibration_output!H6 -> 0
A7: =[2]calibration_output!A7 -> REMIND-MAgPIE 3.2-4.6 | B7: =[2]calibration_output!B7 -> Below 2°C | C7: =[2]calibration_output!C7 -> REMIND-MAgPIE 3.2-4.6|Canada, NZ, Australia | D7: =[2]calibration_output!D7 -> Volume | E7: =[2]calibration_output!E7 -> AGRICULTURE | F7: =[2]calibration_output!F7 -> R&C | G7: =[2]calibration_output!G7 -> EJ/y | H7: =[2]calibration_output!H7 -> 0
A8: =[2]calibration_output!A8 -> REMIND-MAgPIE 3.2-4.6 | B8: =[2]calibration_output!B8 -> Below 2°C | C8: =[2]calibration_output!C8 -> REMIND-MAgPIE 3.2-4.6|Canada, NZ, Australia | D8: =[2]calibration_output!D8 -> Volume | E8: =[2]calibration_output!E8 -> AGRICULTURE | F8: =[2]calibration_output!F8 -> ST | G8: =[2]calibration_output!G8 -> EJ/y | H8: =[2]calibration_output!H8 -> 0
A9: =[2]calibration_output!A9 -> REMIND-MAgPIE 3.2-4.6 | B9: =[2]calibration_output!B9 -> Below 2°C | C9: =[2]calibration_output!C58 -> REMIND-MAgPIE 3.2-4.6|Canada, NZ, Australia | D9: =[2]calibration_output!D58 -> Price | E9: =[2]calibration_output!E58 -> AGRICULTURE | F9: =[2]calibration_output!F58 -> CH | G9: =[2]calibration_output!G58 -> US$2010/GJ | H9: =[2]calibration_output!H58 -> 11112.798
A10: =[2]calibration_output!A10 -> REMIND-MAgPIE 3.2-4.6 | B10: =[2]calibration_output!B10 -> Below 2°C | C10: =[2]calibration_output!C59 -> REMIND-MAgPIE 3.2-4.6|Canada, NZ, Australia | D10: =[2]calibration_output!D59 -> Price | E10: =[2]calibration_output!E59 -> AGRICULTURE | F10: =[2]calibration_output!F59 -> FRE | G10: =[2]calibration_output!G59 -> US$2010/GJ | H10: =[2]calibration_output!H59 -> 20747.591
A11: =[2]calibration_output!A11 -> REMIND-MAgPIE 3.2-4.6 | B11: =[2]calibration_output!B11 -> Below 2°C | C11: =[2]calibration_output!C60 -> REMIND-MAgPIE 3.2-4.6|Canada, NZ, Australia | D11: =[2]calibration_output!D60 -> Price | E11: =[2]calibration_output!E60 -> AGRICULTURE | F11: =[2]calibration_output!F60 -> IND | G11: =[2]calibration_output!G60 -> US$2010/GJ | H11: =[2]calibration_output!H60 -> 11554.217
A12: =[2]calibration_output!A12 -> REMIND-MAgPIE 3.2-4.6 | B12: =[2]calibration_output!B12 -> Below 2°C | C12: =[2]calibration_output!C61 -> REMIND-MAgPIE 3.2-4.6|Canada, NZ, Australia | D12: =[2]calibration_output!D61 -> Price | E12: =[2]calibration_output!E61 -> AGRICULTURE | F12: =[2]calibration_output!F61 -> PAS | G12: =[2]calibration_output!G61 -> US$2010/GJ | H12: =[2]calibration_output!H61 -> 20734.231
A13: =[2]calibration_output!A13 -> REMIND-MAgPIE 3.2-4.6 | B13: =[2]calibration_output!B13 -> Below 2°C | C13: =[2]calibration_output!C62 -> REMIND-MAgPIE 3.2-4.6|Canada, NZ, Australia | D13: =[2]calibration_output!D62 -> Price | E13: =[2]calibration_output!E62 -> AGRICULTURE | F13: =[2]calibration_output!F62 -> PE | G13: =[2]calibration_output!G62 -> US$2010/GJ | H13: =[2]calibration_output!H62 -> 5593.6357
A14: =[2]calibration_output!A14 -> REMIND-MAgPIE 3.2-4.6 | B14: =[2]calibration_output!B14 -> Below 2°C | C14: =[2]calibration_output!C63 -> REMIND-MAgPIE 3.2-4.6|Canada, NZ, Australia | D14: =[2]calibration_output!D63 -> Price | E14: =[2]calibration_output!E63 -> AGRICULTURE | F14: =[2]calibration_output!F63 -> R&C | G14: =[2]calibration_output!G63 -> US$2010/GJ | H14: =[2]calibration_output!H63 -> 12724.989
A15: =[2]calibration_output!A15 -> REMIND-MAgPIE 3.2-4.6 | B15: =[2]calibration_output!B15 -> Below 2°C | C15: =[2]calibration_output!C64 -> REMIND-MAgPIE 3.2-4.6|Canada, NZ, Australia | D15: =[2]calibration_output!D64 -> Price | E15: =[2]calibration_output!E64 -> AGRICULTURE | F15: =[2]calibration_output!F64 -> ST | G15: =[2]calibration_output!G64 -> US$2010/GJ | H15: =[2]calibration_output!H64 -> 7836.0011
A16: REMIND-MAgPIE 3.2-4.6 | B16: Below 2°C | C16: REMIND-MAgPIE 3.2-4.6|Canada, NZ, Australia | D16: Value | E16: AGRICULTURE | F16: CH | H16: =H2*H9 -> 0
A17: REMIND-MAgPIE 3.2-4.6 | B17: Below 2°C | C17: REMIND-MAgPIE 3.2-4.6|Canada, NZ, Australia | D17: Value | E17: AGRICULTURE | F17: FRE | H17: =H3*H10 -> 129.14019
A18: REMIND-MAgPIE 3.2-4.6 | B18: Below 2°C | C18: REMIND-MAgPIE 3.2-4.6|Canada, NZ, Australia | D18: Value | E18: AGRICULTURE | F18: IND | H18: =H4*H11 -> 4527.1964
A19: REMIND-MAgPIE 3.2-4.6 | B19: Below 2°C | C19: REMIND-MAgPIE 3.2-4.6|Canada, NZ, Australia | D19: Value | E19: AGRICULTURE | F19: PAS | H19: =H5*H12 -> 0
A20: REMIND-MAgPIE 3.2-4.6 | B20: Below 2°C | C20: REMIND-MAgPIE 3.2-4.6|Canada, NZ, Australia | D20: Value | E20: AGRICULTURE | F20: PE | H20: =H6*H13 -> 0
A21: REMIND-MAgPIE 3.2-4.6 | B21: Below 2°C | C21: REMIND-MAgPIE 3.2-4.6|Canada, NZ, Australia | D21: Value | E21: AGRICULTURE | F21: R&C | H21: =H7*H14 -> 0
A22: REMIND-MAgPIE 3.2-4.6 | B22: Below 2°C | C22: REMIND-MAgPIE 3.2-4.6|Canada, NZ, Australia | D22: Value | E22: AGRICULTURE | F22: ST | H22: =H8*H15 -> 0
